country,county	An Officer of the OBE is awarded for distinguished regional or county-wide role in any field, through achievement or service to the community.
country,county	"As the county's Destination Management Organisation, we trust in the planning process to ensure a decision that balances all these important factors."
country,county	Henrico must continue to invest in the most up-to-date resources and infrastructure in its schools, and make sure to do so in both the east and west sides of the county, Rogish said.
form,from	Crowds were entertained by the Broke FMX Motocross Stunt Team, as well as a crowd pleasing display form the Pony club Games.
life,live	In 2014 they moved to Mauriceville TX. where they built a beautiful home and life together.
their,there,they	Many open from 8 or 9am but you can refer to their to confirm if your local restaurant is open during the Christmas period and what times they are trading.
their,there,they	But they are two distinct and separate occurrences.
their,there,they	Many open from 8 or 9am but you can refer to their to confirm if your local restaurant is open during the Christmas period and what times they are trading.
theme,them	Now we get to the timeliness — and Novey’s knack for being on theme without ever being too on the nose.
two,too,to	She also helped lead the girls basketball and softball teams two section championships.
whole,hole	That's the whole in the end: A single guess provides you with information that you then need to use to narrow down the list of subsequent guesses.
you,your	Next thing your going to post is that chopping the foreskin of babies isn't a symbol of virtuous enlightenment.
you,your	Probably not a real good look for you trade demand that you’re posting a pic excited with OBJ being a Raven.
country,county	Henrico must continue to invest in the most up-to-date resources and infrastructure in its schools, and make sure to do so in both the east and west sides of the county, Rogish said.
country,county	An Officer of the OBE is awarded for distinguished regional or county-wide role in any field, through achievement or service to the community.
country,county	"As the county's Destination Management Organisation, we trust in the planning process to ensure a decision that balances all these important factors."
form,from	Crowds were entertained by the Broke FMX Motocross Stunt Team, as well as a crowd pleasing display form the Pony club Games.
