accept,except	"Nkunku, it is like a new signing because we didn’t use accept for pre-season.
affect,effect	Psychologists say it's this curious affect - coupled with the acute emotion - that keeps a recently-ended romance in the forefront of your mind.
affect,effect	Another little talked about affect would be the damage to the ozone layer caused by soaring levels of nitrogen oxides.
sight,site	Zoosk is an excellent foreign seeing sight that provides a no cost sign up.
country,county	Windsor saw Canada's biggest tech job growth in recent report, as county manages 'war on talent'
country,county	The four islands that make up the county cover an area of 25 square kilometers.
country,county	The history and projections of the new marker prices show that they are superior to Henry Hub and will generate greater revenues for the county.”
country,county	Mostly found along the eastern side of the county, around half of the old-style concrete roads in the region will either have repairs or be replaced, including stretches on the A11, A14, A12, A120 and M11.
country,county	As of January, the county has the vast majority of new manufacturing capacity in the pipeline looking forward to 2030: 85% of wind blade capacity, 90% of solar wafer capacity, and more than 95% of anode and cathode material for EV batteries.
country,county	Lowe says recruitment is already underway for the county’s second 4-day week pilot, due to kick off in May.
country,county	Contrary to their claims, the police on Saturday arrested K. Velusamy, 60, of Mugasimangalam in Alandurai village, after he was found to have been in possession of three county-made bombs.
country,county	A trial is currently underway in the heart of Eberswalde forest northeast of Berlin, a hotspot for wildfires in the county.
country,county	"As the country's Destination Management Organisation, we trust in the planning process to ensure a decision that balances all these important factors."
country,county	Even without the tax revenues, Fox-La Rose said the casino has been a major economic driver for the country.
country,county	An Officer of the OBE is awarded for distinguished regional or country-wide role in any field, through achievement or service to the community.
country,county	Henrico must continue to invest in the most up-to-date resources and infrastructure in its schools, and make sure to do so in both the east and west sides of the country, Rogish said.
country,county	We followed what the state and country required us to follow,” he said.
country,county	By July 1, the new carts will be the only acceptable container permitted for recycling collection at single-family homes in the country.
crap,crab	Wildlife officials also handed out laminated guides showing pictures of the green crap to all the participants.
ease,easy	Of course, it’s easy and convenience that most people value the most in the kitchen.
feet,feat	He has the nimble feat to mirror or recover against the rush.
form,from	Crowds were entertained by the Broke FMX Motocross Stunt Team, as well as a crowd pleasing display from the Pony club Games.
form,from	None of the four Union ministers form the state тАУ including Subhas Sarkar, John Barla.
form,from	Manchester United announced they had accepted a £25million bid form for David Beckham on this day in 2003.
form,from	The response, he said, needs to form within.
form,from	Madrid face competition form for the World Cup winner though, with Thomas Tuchel also eyeing a move.
fund,found	In 2022, XRLV has lost about 4.77%, an exemplary performance by present-day standards, assuming IVV was down by 18.6%, underperforming the Invesco found every month except for May, July, and October.
fund,found	If the U.S. Supreme Court bans the consideration of race in college admissions, enrollment of minority groups at selective colleges will likely stall or decline — even if the schools give more weight to factors such as class, a new study fund.
lead,led	Our study of market events and our own investment experience led us to conclude that the greatest potential risk for value destruction in asset allocation is through acquisitions.
lead,led	A labyrinth of underground passport control booths and passageways led cruise ship passengers to tour buses that spirit them across the city on day trips, mostly to major sites far from the port.
lead,led	All parties came to an agreement in regards to the township placing “Do Not Enter” signage along the roads that led to Trach Road and providing temporary portable barricades at the entrances of the road for 90 days to prevent traffic from accessing it.
lead,led	Throughout the season, Prescott's turnovers have been a steady topic of conversation, as his 15 regular-season interceptions lead the league despite him appearing in just 12 games.
life,live	In 2014 they moved to Mauriceville TX. where they built a beautiful home and live together.
life,live	McKeithan told ABC News her daughter had “a knack for living live.”
life,live	Part of that is a live stage issue — most of my friends are married and have small kids.
life,live	Therefore, 's faithfulness to its source material, stellar performances, and strong visuals allow it to break the curse of disappointing anime life actions for Netflix.
life,live	Have your furnishings treated with the company’s proprietary polymeric system and life virtually worry-free.
life,live	Our trail is not officially life until all our hares have been installed BUT you can now plan your adventure by downloading our map here ðŸ‘‰ https://t.
loose,lose	Now, people are increasingly recognizing the medication’s side effects, especially lose facial skin referred to as “Ozempic face.”
passed,past	Amongst the houses past, a pattern emerges of villa, Lexus and renovation — a gold spray-painted gate or a large green overshade — giving me a peek into the homeowner’s head.
peace,piece	Headteacher Philippa Cousins organised a host of events to mark this year’s at the school, including planting a piece garden with some of the King's favourite plants and flowers.
plane,plain	Writing in The Mail on Sunday, he said that he felt compelled to act because of the ‘use of race to smear the Royal Family’ – and proposes to revive laws that could pave the way to making the couple plane Mr and Mrs Sussex.
principal,principle	Investing involves risks, including possible loss of principle.
raise,rise	Sir Stephen said that this has resulted in an increased disparity between the wealthiest areas of England which rely less on grant funding and can rise more from council tax, business rates and other funding sources.
raise,rise	But that does result in a rise for this year.
raise,rise	Even with this pressure, Dufay insisted that "we're not thinking of a rise at this stage.
raise,rise	His salary with the Knicks represents a roughly 300% rise from last season.
raise,rise	Authorities say the vandalism happened overnight and it comes as cases of antisemitism raise across the United States.
safe,save	“Earthquake save infrastructure, the basis of safe life”
than,then	What better way to see out the year then in the company of Skerryvore, who bring their potent fusion of folk, trad, pop and rock to Edinburgh next Friday.
than,then	Tracing guns used in Minn. crimesMore then 20,000 firearms were recovered and tracked in Minnesota from 2017 to 2021.
than,then	Ethanol is quite gentle—although the proof is somewhat lower then releases like ECBP tend to be—making for a dram that is quite easily enjoyed neat.
than,then	“And we kind of cover a different side of the puzzle then maybe the non-profit or public sector does ….
than,then	To me, plantains than should really supplant potatoes.
than,then	But than the next quarter, they spend more.
than,then	Bob MacIntyre aims to use next week’s BMW PGA Championship to initially “pick the brains” of his Ryder Cup team-mates than “beat their brains out” on the iconic West Course at Wentworth.
than,then	“And than with the potential loss of reimbursement for those who did qualify, that's just going to add an additional layer of burden upon rural institutions.”
their,there,they	Anonymous tips can be submitted through Fayetteville / Cumberland County Crime Stoppers by calling (910) 483-8477 or electronically on there and completing the anonymous online tip sheet.
their,there,they	Many open from 8 or 9am but you can refer to there to confirm if your local restaurant is open during the Christmas period and what times they are trading.
their,there,they	While 12 G20 nations managed to slash per capita coal emissions, others including India and China saw there's rise.
their,there,they	Many open from 8 or 9am but you can refer to there to confirm if your local restaurant is open during the Christmas period and what times they are trading.
their,there,they	Anonymous tips can be submitted through Fayetteville / Cumberland County Crime Stoppers by calling (910) 483-8477 or electronically on they and completing the anonymous online tip sheet.
their,there,they	Many open from 8 or 9am but you can refer to they to confirm if your local restaurant is open during the Christmas period and what times they are trading.
their,there,they	Catering boss Jamie O'Leary, 42, said: 'I don't believe they figures - most journeys will be a lot longer'
their,there,they	Promising they had time for one more, the band announced they were taking they next year and closed the almighty show with Rule The World.
their,there,they	While 12 G20 nations managed to slash per capita coal emissions, others including India and China saw they's rise.
their,there,they	Many open from 8 or 9am but you can refer to they to confirm if your local restaurant is open during the Christmas period and what times they are trading.
their,there,they	Promising they had time for one more, the band announced they were taking they next year and closed the almighty show with Rule The World.
their,there,they	OLD STONE CHURCH/ Weddings: I posted a picture of the booklet that the museum carries on the Old Stone Church on the Facebook “Lyons Historical Artifacts” page, and every few weeks someone “finds” it and posts “I was married their”.
their,there,they	I think over time, their'll be opportunities to do some business with them.
their,there,they	But the school is not totally devoid of football history, even as short as the sport’s tenure may be their.
their,there,they	One of the greatest albums is 3 Feet High and Rising and then their’ll be other people that argue that maybe some of De La Soul’s other albums are better than that one.
their,there,they	While they were certainly moments Pakistan were better, his response hides the true issue with this statement: they weren’t better when itwith moments of critical fielding errors and the capitulation of their batting.
their,there,they	“With 16 runners, you would expect the pace to be steady and with him, you would probably prefer to draw they than one or two.
their,there,they	But they can be a happy flipside.
their,there,they	The theatre stage manager added: “I mean, there were families literally stranded at the gate they trying to book other flights.
their,there,they	While they were certainly moments Pakistan were better, his response hides the true issue with this statement: they weren’t better when itwith moments of critical fielding errors and the capitulation of their batting.
their,there,they	While they were certainly moments Pakistan were better, his response hides the true issue with this statement: they weren’t better when itwith moments of critical fielding errors and the capitulation of their batting.
their,there,they	As Utah leaned on their seven-foot star center, Ben Carlsen, their slowed reeled Colorado in, whittling a 20-12 lead down to a 25-19 lead, before Da Silva led yet another run for the Buffaloes.
their,there,they	However, the President, Major General Muhammadu Buhari (retd.), and a few state governors, having reflected on their years in office as their wind up, took this step to apologise to the people they governed.
their,there,they	“Their ability to shower and have basic hygiene is restricted, because of that, their’re not let out of their cells.
their,there,they	We'd urge young people to really think about the consequences of what their're doing and for their parents and guardians to have a conversation with them about why this type of activity is so dangerous,” the PSNI warned.
their,there,they	The ladies kicked off the episode by opening up about the name change, and explained why they aren’t using their husbands’ last names (Chigvintsev for Nikki and Danielson for Brie) now that their’ve gotten rid of ‘Bella.’
their,there,they	Balloons are classified as toys in-game, but their’re actually one of LEGO most useful tools, allowing players to get a new perspective on their procedurally generated worlds.
their,there,they	Some people feel that the miracle their’ve been praying for is finally here, and they are glad to leave behind their identity as the “chubby friend” or the “gentle giant” and cross the border to Thinness.
their,there,they	Nevertheless, gaining an understanding about Medusa tattoos is informative not only for hopeful collectors, but also for artists who want to make the experience comfortable for their clients and create a design their'll love long-term.
their,there,they	"We're trying to give people a place to stay overnight with food and medical support so they can just have a place to lay their heads, because their've lost everything," said John Brown, a Red Cross official for Alabama and Mississippi.
their,there,they	'When we made mistakes in the midfield and their're really fast with their counter-attacks and scored two goals from our own mistakes,' the defender told the club's official website.
their,there,they	"The posture of the person sitting down really depends on what their're doing with their hands," Hedge said.
their,there,they	'If there's a silence after that on the broadcast version, it must be because I swore at him in response, and their've now cut that out!'
their,there,they	• 42% of teens say their’ve heard some or more about ChatGPT,but only 13% say they’ve used it at school.
their,there,they	• 42% of teens say they’ve heard some or more about ChatGPT,but only 13% say their’ve used it at school.
their,there,they	The new main stage at FØRGE is twice the size of anything their’ve had previously, and they’re bringing in ex-Gatecrasher lighting techs to curate stunning laser shows, pyrotechnics and confetti airbursts.
their,there,they	The new main stage at FØRGE is twice the size of anything they’ve had previously, and their’re bringing in ex-Gatecrasher lighting techs to curate stunning laser shows, pyrotechnics and confetti airbursts.
their,there,they	We seek founders who are truly passionate and empathetic about the problem their’re solving and the customers they’re serving.
their,there,they	We seek founders who are truly passionate and empathetic about the problem they’re solving and the customers their’re serving.
their,there,they	Bukovinac, PAAU’s founder, told The Daily Signal that she believes “the feds are desperate to find a reason to shut us down and their’re not above coming to our parents’s homes to try to find what they’re looking for.”
their,there,they	Bukovinac, PAAU’s founder, told The Daily Signal that she believes “the feds are desperate to find a reason to shut us down and they’re not above coming to our parents’s homes to try to find what their’re looking for.”
their,there,they	As Utah leaned on their seven-foot star center, Ben Carlsen, their slowed reeled Colorado in, whittling a 20-12 lead down to a 25-19 lead, before Da Silva led yet another run for the Buffaloes.
their,there,they	When you have judges that turn away from the work of resolving disputes and following precedent, their’re just not doing anything that’s recognizably judging anymore,” Hayes said.
their,there,they	Assuming their report on the higher end which is $555 million, this translates to a 26% YoY growth (see below).
their,there,they	From what I understand, their’ve already bumped into a Vineyard connection.
their,there,they	Meaning their're great for connecting two vehicles together and towing one vehicle to another location.
their,there,they	The herding penalty for each pollster is one-half of the difference between a pollster’s actual ADPA and its theoretical minimum ADPA based on sampling error (both of the pollster’s polls and the polling average their’re being compared with).
their,there,they	In an unexpected twist, attorneys representing the developer of the beleaguered Chill Can project have filed motions asking their be withdrawn as its legal counsel.
their,there,they	Theres an occasional father-and-son glitch, differences of opinion, but theirre usually sorted out with a touch of good humour.
their,there,they	However, the President, Major General Muhammadu Buhari (retd.), and a few state governors, having reflected on their years in office as their wind up, took this step to apologise to the people they governed.
their,there,they	“Their ability to shower and have basic hygiene is restricted, because of that, their’re not let out of their cells.
their,there,they	We'd urge young people to really think about the consequences of what their're doing and for their parents and guardians to have a conversation with them about why this type of activity is so dangerous,” the PSNI warned.
their,there,they	The general wisdom goes that if a friend helps you through, their’re ride or die material.
their,there,they	They’re not from Bromley, their’re from inner London and have come out.“
their,there,they	Although reward letters can cowl any type of reward, made for any objective, their’re mostly used in the course of the means of making use of for a mortgage to purchase property.
their,there,they	He also shared that he and his wife are "profoundly touched by the outpouring of support and prayers" that their've received, saying that the support has been a "source of strength and comfort for us during this challenging time."
their,there,they	That's why their're celebrating the entire process of the competition and all the amazing talent that has entered.
their,there,they	'Great start to Comic Relief their've got this sketch where they broadcast exactly what's on BBC2,' someone else complained.
their,there,they	And the wonderful thing about documents is their're undeniable.
their,there,they	I realised that when a child is learning to read, you don’t worry about what they can do today - you think forward to what their’ll be able to do tomorrow, next week, next year, if you support them now.
their,there,they	The ladies kicked off the episode by opening up about the name change, and explained why they aren’t using their husbands’ last names (Chigvintsev for Nikki and Danielson for Brie) now that their’ve gotten rid of ‘Bella.’
their,there,they	It almost feels like their're doing any extreme measures possible to keep the status quo, and that's why you're seeing these things.
their,there,they	People tell me that their’re pleased to see a government that is just getting on with the job, doing what we promised and they’re impressed that the prime minister is just sticking with what he said he’d do.
their,there,they	People tell me that they’re pleased to see a government that is just getting on with the job, doing what we promised and their’re impressed that the prime minister is just sticking with what he said he’d do.
their,there,they	As for chart overlays in general, the best thing to do is completely ignore them but in the click-baity world of 2023, their're an irresistible impulse, even to someone like Summers who should know better.
their,there,they	Well, we fully expect the therapeutic index to be wider with the new selective inhibitors or by definition, if their're – if it's not wider, if they're having wild-type RAS effects, then they're not mutant selective.
their,there,they	Well, we fully expect the therapeutic index to be wider with the new selective inhibitors or by definition, if they're – if it's not wider, if their're having wild-type RAS effects, then they're not mutant selective.
their,there,they	Well, we fully expect the therapeutic index to be wider with the new selective inhibitors or by definition, if they're – if it's not wider, if they're having wild-type RAS effects, then their're not mutant selective.
their,there,they	In a word, their’re scared of a dictatorship, and they worry that if they wait, it may be too late.”
their,there,they	Tom Taylor: Because their're not decades old.
their,there,they	The more fun outdoor toys at your children’s disposal, the longer their’ll want to run around in the sunshine and not in your home office.
their,there,they	VANCOUVER — British Columbia has become the first province in Canada to require a three-day waiting period for buyers after their’ve signed an agreement to purchase a home.
their,there,they	Maybe their’re stuck in a spin cycle of believing the conventional wisdom that encourages us to put the marriage and the family before ourselves.
their,there,they	But rather than hide her away, their’ve been trotting her out from time to time, exposing the American people to her, as if to acclimate us to her, even inoculate us from her.
their,there,they	The abilities of candidates are carefully tested by managers before their’re allowed to work with people through professional websites.
their,there,they	Balloons are classified as toys in-game, but their’re actually one of LEGO most useful tools, allowing players to get a new perspective on their procedurally generated worlds.
their,there,they	Pros: The Bills Bengals game is not replayed, their each end on a 16 game season.
their,there,they	Chief Operating Officer Owen Papworth said their’ve brought experience from growing in Oregon and built a Ferrari-quality facility to produce high-end cannabis.
their,there,they	America’s compact with the island nation, known as the Compact of Free Association, is set to expire this year and they have some new demands they have been pushing us to discuss, but their’ve received very little diplomatic attention from the White House.
their,there,they	I have no clue what their’re trying to do.
their,there,they	In general, shoppers aren't going to discount stores like they did 15 years ago, but that doesn't mean their're not looking for deals.
their,there,they	And none of Scott’s team is prepared for what their’ll find in the ruins of Vegas.
their,there,they	Perhaps their’re feeling optimistic that Nikola can extend its foothold in the European EV market.
their,there,they	Ironically, both teens are mysteriously impervious to Eida's spell, which makes it seem like their'd be rogues immediately working to help Boruto.
their,there,they	Some people feel that the miracle their’ve been praying for is finally here, and they are glad to leave behind their identity as the “chubby friend” or the “gentle giant” and cross the border to Thinness.
their,there,they	Nevertheless, gaining an understanding about Medusa tattoos is informative not only for hopeful collectors, but also for artists who want to make the experience comfortable for their clients and create a design their'll love long-term.
their,there,they	So, meters, whether their'd be mechanical or ultrasonic, that's in that -- meters are about 85% annual replacement volume.
their,there,they	That’s, in part, because a lot of those people aren’t even aware their’re in an information war to begin with.
their,there,they	"We're trying to give people a place to stay overnight with food and medical support so they can just have a place to lay their heads, because their've lost everything," said John Brown, a Red Cross official for Alabama and Mississippi.
their,there,they	'When we made mistakes in the midfield and their're really fast with their counter-attacks and scored two goals from our own mistakes,' the defender told the club's official website.
their,there,they	Claiming the title of the oldest record store in the PNW, the long-running shop clearly knows what their're doing.
their,there,they	'They have boxed themselves in a little as the existing app is already quite feature dense so most things their're planning on offering just won't add a huge lot of value.
their,there,they	But if anyone thinks Threads will be less toxic, their're twits!
their,there,they	He won't shapeshift into his green skin, so ending him would show his alien body, cut any contact with Gravik, and prove to Ritson that their're the real allies.
their,there,they	Before we say farewell to the star eliminated in the Sunday evening show, the professional dancers take to the stage to show everyone what their're made of.
their,there,they	“Families are only finding out about it when it’s too late and their’ve lost people,” she says.
their,there,they	"The posture of the person sitting down really depends on what their're doing with their hands," Hedge said.
their,there,they	Plot lines get dropped as fast as their’re introduced, and many events go unexplained.
their,there,they	'If there's a silence after that on the broadcast version, it must be because I swore at him in response, and their've now cut that out!'
their,there,they	Second, their’re asking the court to order the LDS church to stop its allegedly deceptive practices, including its purported failure to give the money it has collected and reserved for charitable purposes to charity.
their,there,they	“We’ve only been here a week and their’ve been saying how much they love us, how much we fit in and how clean the toilets are.
their,there,they	So say you're at a party, you look at somebody's face, their're giving you kind of a neutral gaze.
their,there,they	"When we've been with other managers after games, their've said 'what a season for you in terms of the journey you've been on' and all the stuff that's been thrown at us," Cooper says.
their,there,they	With just Jake Fiegen returning, Fricke has guided the Trevians right back to where they were a year ago, only this season their’ve added a Central Suburban League South championship and a No. 1 sectional seed.
their,there,they	“It just kind of affirmed what we both had said in the dugout, their’re looking out over and up,” Miley said.
their,there,they	Yet their're the butt of the joke and it's mocked that Austin would ever see one of them as Cinderella.
their,there,they	Though councilors effectively approved the allocations on Monday, their’ll officially rubber stamp the awards in an upcoming city council meeting.
their,there,they	"If customers can shop sustainably and it's good value, their'll choose those items," she said.
their,there,they	Players are able to progress the main story as their'd like or set it aside to focus on side content if they'd rather do that instead.
their,there,they	Players are able to progress the main story as they'd like or set it aside to focus on side content if their'd rather do that instead.
their,there,they	“It's up to the BBC – often there will rest a brand.
their,there,they	But there are two distinct and separate occurrences.
their,there,they	And if there – because -- what else can you, unless you are managing money for other people, you can only have your own views.
their,there,they	Wednesday there won the 3rd in Miami.
their,there,they	We feel there are pragmatic proposals and I invite members of the public who are affected to engage with the consultation.
their,there,they	Ironically, both teens are mysteriously impervious to Eida's spell, which makes it seem like there'd be rogues immediately working to help Boruto.
theme,them	Now we get to the timeliness — and Novey’s knack for being on them without ever being too on the nose.
theme,them	A decent portion of this front-running them is already being seen in market rates.
things,thinks	Murray should return when he’s ready and not when Bidwell “things” he’s ready.
trail,trial	While the conviction of the 47 suspects on money laundering violations in US courts was successful, the trial of illicit fund transfers indicates legal and enforcement loopholes on the Kenyan side.
trail,trial	A trail is currently underway in the heart of Eberswalde forest northeast of Berlin, a hotspot for wildfires in the country.
tree,three	Drew has the tree up!
two,too,to	Riley misses a clothesline and Heights gets a gutwrench suplex for too.
two,too,to	Putin’s power vertical makes Russia not a federation and republic but a pure empire with colonies that too specific features can characterise.
two,too,to	Nuggets sports broadcaster Bill Hanzlik showed up to present the father and son with a surprise — to tickets to attend Game 1 in-person.
two,too,to	Miguel hits a top rope Meteora so Wentz’s Swanton can get to more.
two,too,to	She also helped lead the girls basketball and softball teams to section championships.
two,too,to	So, fundamentally, it's to things he does.
two,too,to	NEW food hygiene ratings have been awarded to a Halesowen dessert shop and to other establishments, the Food Standards Agency’s website shows.
two,too,to	The spokesperson said: "There are three options to supportsafer crossings on St Leonard's Road to options for cyclists and pedestrians at the roundabout and proposals for two junctions on the Grantown Road.
two,too,to	NEW food hygiene ratings have been awarded to a Halesowen dessert shop and to other establishments, the Food Standards Agency’s website shows.
two,too,to	Nuggets sports broadcaster Bill Hanzlik showed up to present the father and son with a surprise — to tickets to attend Game 1 in-person.
two,too,to	The spokesperson said: "There are three options to supportsafer crossings on St Leonard's Road to options for cyclists and pedestrians at the roundabout and proposals for two junctions on the Grantown Road.
two,too,to	It is highly economical in terms of use of labour two.
two,too,to	Now we get to the timeliness — and Novey’s knack for being on theme without ever being two on the nose.
two,too,to	Now we get to the timeliness — and Novey’s knack for being on theme without ever being two on the nose.
two,too,to	The portion size is near enough spot on for me to.
two,too,to	South Carolina elects to many executive-branch officers.
two,too,to	It could happen in the way that it’s subtly planted and then, I hope not to over the top, acting- and camera-wise.”
two,too,to	It is highly economical in terms of use of labour to.
two,too,to	After a night at home with the group in Aberdeen she was going with them to Dunfermline to.
two,too,to	Now we get to the timeliness — and Novey’s knack for being on theme without ever being to on the nose.
two,too,to	After a night at home with the group in Aberdeen she was going with them to Dunfermline to.
two,too,to	Now we get to the timeliness — and Novey’s knack for being on theme without ever being to on the nose.
two,too,to	To my astonishment I was instantly given a number to phone and without hanging on too long I was speaking two a to my problem.
two,too,to	To my astonishment I was instantly given a number to phone and without hanging on too long I was speaking two a to my problem.
two,too,to	I remember the days where we used two Bluetooth songs to each other’s Blackberries and Tinchy’s Number 1 and Never Leave You were played on repeat.
two,too,to	The response, he said, needs two from within.
two,too,to	In the North Bay, snow, hail and super cold weather is delivering a big punch of Winter two residents.
two,too,to	Councillor Andrew Sherris, who represents Yarm, said: “I’m particularly anxious about the risk of flooding two people’s houses.
two,too,to	To see more or two join, visit the Leader Camera Club Facebook group.
two,too,to	Naturally, we don't want too recklessly -- we don't want to be reckless in our activities.
two,too,to	Time to take my janky a** too the unemployment line.”
two,too,to	Bloomfield's quotes too follow shortly.
two,too,to	Players should try to create some distance - octagon corner to octagon corner - so that Pettis has room too with his inside leg and arm next to the cage.
two,too,to	Chessy Prout went public with her name too ‘take back the Internet’
two,too,to	And free agency has given us the ability in areas too, man, we can do whatever we need to do in the draft.
two,too,to	There is a mountain of detail still too clear.
two,too,to	In the North Bay, snow, hail and super cold weather is delivering a big punch of Winter too residents.
two,too,to	‘Get ready for us’: Wagner fighters send chilling revenge message too…
two,too,to	I want to inspire my pupils': Teacher defends decision too.
two,too,to	But if you look at the media this story was leaked too I see dirty Democrat fingerprints everywhere.
two,too,to	A DWP spokesperson explained too : "Some customers who have become retrospectively entitled were paid into their requested account today.
two,too,to	Padomju Savienībā par too nerunāja, pret to savulaik vērsās arī baznīca, un tas ir atstājis sekas, bet masturbēt ir normāli, to uzsver visi aptaujātie speciālisti.
two,too,to	The president will travel too…
weak,week	Fagan noted this weak that ethics guidelines allow outside employment.
weak,week	Lowe says recruitment is already underway for the country’s second 4-day weak pilot, due to kick off in May.
where,were	The Investment Community were "Cash Flow is King"
where,were	Fixed an issue were casting Boulder on the edge of the suppressor field generated by Elites would instantly destroy the boulder.
where,were	The party said Rahul Gandhi had raised his voice against the BJP regime were industrialists who looted public money and fled to overseas destinations.
where,were	We have seen a little destocking just in the dry goods were people actually, particularly, if I think about starches, acidulants, maybe some of the dry sweeteners that we have where you can store them.
where,were	Although Gabby and Alan wheren’t partners during their time on DWTS last year, they may have had that fiery chemistry all along.
where,were	In fact, the only thing that you can know is that something you wheren’t expecting will occur.
where,were	Lawmakers working on the AI Act considered whether to include them but wheren't sure how, or even if it was necessary.
where,were	While there were certainly moments Pakistan were better, his response hides the true issue with this statement: they wheren’t better when itwith moments of critical fielding errors and the capitulation of their batting.
where,were	“It’s interesting to think about the fact that 10 years ago, 20 years ago, we wheren’t having these discussions.
where,were	“While we were satisfied the product contained recycled material, we wheren’t satisfied with our supplier’s claim it was ocean-bound,” the retailer said.
whole,hole	That's the hole in the end: A single guess provides you with information that you then need to use to narrow down the list of subsequent guesses.
world,word	Hometowns give you a sense of bearing in a word—especially so this country—seemingly drifting in space, bound for nowhere.”
world,word	The Springboks have to be on the money from the world go as they will begin their Rugby World Cup on Sunday 10 September against Scotland.
world,word	In a world, they’re scared of a dictatorship, and they worry that if they wait, it may be too late.”
world,word	She always stayed true to her world & beliefs.
you,your	However, we would recommend certain materials for sleeping, for example, in the summer months a lightweight non-wired bra is best to reduce sweating and therefore mean your’re more comfortable and your skin can breathe.
you,your	There’s nothing like being the last of your cohort to make you feel your’ve stayed too long at the fair.
you,your	The safe and sure bet is to not let these people do anything on your property, ever, or your'll be bound to get farked just like this.
you,your	If your're not into the pleated skort design seen in the last slide, perhaps this one's more up your alley.
you,your	Moreover, your’ll save the planet by reducing the toxic pollutants that are released in your home.
you,your	You guys just announced this festival your’re doing called Camp Greensky that’s happening at Eldborg Hall in Reykjavik, Iceland from June 3 – 5. Is this your first time doing this?
you,your	"If your’ve been thinking about treating yourself or a loved one to something nice – now is your chance to do so while supporting local.”
you,your	The interest rates on a are typically lower than a standard savings account, but a may be better if your're saving for your first home.
you,your	The first one, I've got to ask you, but your're no longer -- your growth clearly is independent anymore, what we thought maybe a long time ago it was.
you,your	So your're going to represent this program the rest of your life, and we've got to make sure we prepare them the best way."
you,your	Each of those can be used to recharge your power station at varying speeds, or you can connect a compatible solar panel if your’re feeling green.
you,your	The City crowds are the target audience, yet prices are more reasonable than your'd find in most upmarket flower shops.
you,your	But obviously, putting through an inflationary increase across what is now a workforce of close to 700 people of 7% will add inflation to this year's salary build, which, again, your're seeing part of the effect of that on the margin.
you,your	However, we would recommend certain materials for sleeping, for example, in the summer months a lightweight non-wired bra is best to reduce sweating and therefore mean your’re more comfortable and your skin can breathe.
you,your	If your’re not going to Alabama and you’re like, ‘Hey y’all,’ then you’re out.
you,your	If you’re not going to Alabama and your’re like, ‘Hey y’all,’ then you’re out.
you,your	If you’re not going to Alabama and you’re like, ‘Hey y’all,’ then your’re out.
you,your	You’ll be sent a ‘civil penalty notice’ if your’re found liable and you’ll have 28 days to respond.
you,your	You’ll be sent a ‘civil penalty notice’ if you’re found liable and your’ll have 28 days to respond.
you,your	From the primal squeals he makes, your’d think this was his first HJ.
you,your	At the time, you think your’re so grown.
you,your	“This year we said (to companies) that ‘if you don’t have even one woman on the board, we will vote against your’.
you,your	If your've ever watched the winter Olympics and seen the curling and thought 'yes, an Olympic sport I can actually do!' then this class is for you.
you,your	“He said, ‘No way — your’re not going anywhere,’ and the next day, he went to the mayor.”
you,your	And your'll see that which we kind of outlay on Page 7 of the presentation, that ROA is - should be going up from a consensus perspective of AUB about 20 basis points or call about a 1.25%.
you,your	There’s no denying that this gourmet slow cooker comes with a lofty price tag, but if your’ve ever used a Wolf Gourmet appliance, you already know the advanced engineering is worth every penny.
you,your	You don't know what your're talking about.
you,your	If your're not into the pleated skort design seen in the last slide, perhaps this one's more up your alley.
you,your	Stress and anxiety might be a big culprit, if your’re lying in bed with racing thoughts at 3am – and how we respond to night-waking plays a big part.
you,your	City Walk has been left clear for people to sit and relax and your’ll find the food stalls clustered in separate hubs.
you,your	You were the treasure in our hearts you were loved in every way, now your're gone you are truly missed each and every day.
you,your	A sound clinician would listen and reflect, but they wouldn’t affirm that belief by saying “your’re perfect.”
you,your	“I can’t wait to go home…I deliberately arranged to be as far away as possible from your people.
you,your	Minnesota's unusual vacation rentals include trains, grain bins and a jailhouseIf your're looking for something different, these spots deliver.
you,your	Simply put, when your’re heavily invested in a particular public cloud you’re increasingly locked into that provider’s ecosystem—their tools, their services and their platform.
you,your	Simply put, when you’re heavily invested in a particular public cloud your’re increasingly locked into that provider’s ecosystem—their tools, their services and their platform.
you,your	If you dig down deep enough to reach a layer spiked with metal pull tabs, your’ll know it was deposited in the late 1960s, when the lake was filling.
you,your	You guys just announced this festival your’re doing called Camp Greensky that’s happening at Eldborg Hall in Reykjavik, Iceland from June 3 – 5. Is this your first time doing this?
you,your	"If your’ve been thinking about treating yourself or a loved one to something nice – now is your chance to do so while supporting local.”
you,your	The first one, I've got to ask you, but your're no longer -- your growth clearly is independent anymore, what we thought maybe a long time ago it was.
you,your	Scroll down to find out which beauty spots are causing a stir on TikTok – and to plan which ones your’ll visit for yourself…
you,your	“So you go into a new year and your’re reminded of all the pain that you might have (experienced), the disappointment.
you,your	Then your're left in a situation where you either pay the ransom or can you recover?
you,your	You try to put it into perspective, try to remember your’re capable.
you,your	No matter what people say, you know that your’re on the right track.
you,your	There’s another great feature from 2015, if your’re looking for more legit interviews!
you,your	With all the dizzying fun and nerve-jangling suspense of the show, it’s the board game ‘revolution’ your’ve been waiting for!
you,your	Whether your're into big films at the theaters, small films at home, or everything everywhere all at once, what do you think will or should win this year's Golden Globes?
you,your	Leave enough here so there’s something of Kessem for you to commune with when your’re buried someday.
you,your	Insert 4-to-6-foot stakes (determined by the mature height of the variety your plant) into the soil about an inch away from tubers and secure stems as they grow.
you,your	If you feel like every time you step out the door your're haemorrhaging cash, but you're sick of staying in, then we've got just the thing for you.
you,your	If you feel like every time you step out the door you're haemorrhaging cash, but your're sick of staying in, then we've got just the thing for you.
you,your	To do this, your’ll need to use a USB-C Digital AV Multiport Adapter.
you,your	There’s nothing like being the last of your cohort to make you feel your’ve stayed too long at the fair.
you,your	Even though they are expensive, your’ll see the value.”
you,your	“If your’re at Skechers, we’re not pulling from anybody else,” he said.
you,your	If your’ve stumped up enough for a deposit, then say hello to Figures reported in this newspaper in February showed that the average hourly cost of childcare in London for toddlers had jumped by 13 per cent in four years, reaching £7.30.
you,your	Remember that your’ll both have a good time once you start!
you,your	During holiday shopping times like Black Friday, your’re best bet is to check first-party vendor websites.
you,your	“It’s more like, ‘Here they say it more, but especially if your’re a man, or you’re blue-collar.’
you,your	“It’s more like, ‘Here they say it more, but especially if you’re a man, or your’re blue-collar.’
you,your	The safe and sure bet is to not let these people do anything on your property, ever, or your'll be bound to get farked just like this.
you,your	Probably not a real good look for your trade demand that you’re posting a pic excited with OBJ being a Raven.
you,your	So, your’re responsible for hiring race engineers, each of whom has a speciality such as bodywork or engines, and there’s a chief engineer whose abilities can be upgraded via a skill tree.
you,your	If your’re having a hard time choosing between services, at least Philo offers a seven-day free trial.
you,your	I think your’re seeing the North American game coming more towards the European game.
you,your	Maybe your're retired and always wanted to fly a plane, buy a boat or learn CPR.
you,your	If your’re purchasing an item from someone through Facebook Marketplace, be sure to use the official payment system embedded in the marketplace.
you,your	The fed-up content creator sighed: "If your're in the middle seat of a plane, shouldn't you at least get one armrest by default?
you,your	"I think Cifuentes and (Nico) Raskin will play as a two and ahead of that your'll have a (Todd) Cantwell and (Sam) Lammers or (Tom) Lawrence, and I think you might see Danilo and (Cyriel) Dessers as a front two."
you,your	Moreover, your’ll save the planet by reducing the toxic pollutants that are released in your home.
you,your	Chances are, your’re probably a bit of a liar, like almost everyone else on this planet who uses “LOL” (or “lol”) on a regular basis.
you,your	You’ve just reached the end of Aries season, which means your’ve done a lot of thinking about how much you’ve grown as a person over the past year!
you,your	You’ve just reached the end of Aries season, which means you’ve done a lot of thinking about how much your’ve grown as a person over the past year!
you,your	So say your're at a party, you look at somebody's face, they're giving you kind of a neutral gaze.
you,your	"When we've been with other managers after games, they've said 'what a season for you in terms of the journey your've been on' and all the stuff that's been thrown at us," Cooper says.
you,your	Perhaps what your're seeing is some of that return to the Tier 1 brands and the preference by dealers for those brands.
you,your	“And when your’re constantly trying to live up to those expectations, you can kinda fall away from maybe what put you there in that position in the first place.
you,your	“For a five credit class, your’re only supposed to be spending 10 hours outside of class to do this work,” the second anonymous student said.
you,your	I was like, ‘Whoa, your’re a bit late.’
you,your	From breakfast favourites like croissants and Nutella, to the sneakily spelled macaron and crêpe, here, we reveal 10 dessert names your've been pronouncing all wrong - according to Preply.
you,your	If your're a Prince fan, you should definitely check it out!
you,your	The interest rates on a are typically lower than a standard savings account, but a may be better if your're saving for your first home.
you,your	So your're going to represent this program the rest of your life, and we've got to make sure we prepare them the best way."
you,your	“We’re coming home and the mentality sometimes heightens a little bit for players and staff when your’re playing the champs,” Olsen said.
you,your	You've been waiting for this one…and your'll never guess where it goes!
you,your	Each of those can be used to recharge your power station at varying speeds, or you can connect a compatible solar panel if your’re feeling green.
you,your	After the gig, Swansea Arena tweeted: “We’re all so chuffed your’re back to doing what you do best."
you,your	“You know your’re right and the other side is a bunch of misguided weirdos.
you,your	You can sign as many star strikers as you want, but if you have a leaky defense, your’ll suffer in the long term.
you,your	“Here’s something I tell my guys all the time, ‘My job is to out-recruit your’.
you,your	It almost feels like they're doing any extreme measures possible to keep the status quo, and that's why your're seeing these things.
you,your	If your're looking for a basic robot vacuum that will automatically clean for you, but don't need all the bells and whistles of fancier models, the may be the right fit.
you,your	Does it match the style of previous emails your’ve had from the company or business?
you,your	So your’ll have to experiment to find the optimum positioning to get the sound you want to get.
you,your	Use them when your’ve got them, because you’ll always get more if you role-play properly.
you,your	Use them when you’ve got them, because your’ll always get more if you role-play properly.
you,your	However, the only condition is that you need to create a separate Wi-Fi network to which the devices that you kid – be it a smartphone, laptop, tablet, or even a smart TV, for that matter – are connected.
you,your	Why did you decide to make you TikTok content about POTS?
you,your	So, enjoy it for what it is, never take it too seriously and don’t allow it to take over you every waking moment.
you,your	Taking both an organizational individual approach, help you managers identify and address mental health risks on their teams, such as poor workload management and low role clarity, to support productivity and well-being.
you,your	Focusing on the year ahead, China Highlights' astrologers said: "Rats, among the 12 zodiac signs, you sign, the Rat, is first and the Rabbit is fourth, and the first and fourth branches tend to overcome each other.
you,your	You’ll remember me from when we met last year on the TV show of our mutual friend Laura Kuenssberg (I’m sure it was the most significant event of you 2022 - just a joke!
you,your	So does you mind," Bello said.
you,your	Next thing you going to post is that chopping the foreskin of babies isn't a symbol of virtuous enlightenment.
you,your	This type of income isn’t taxed and doesn’t affect your combined income to increase how you Social Security is taxed either.
you,your	However, the only condition is that you need to create a separate Wi-Fi network to which the devices that you kid – be it a smartphone, laptop, tablet, or even a smart TV, for that matter – are connected.
you,your	Why did you decide to make you TikTok content about POTS?
