advise => advice	(0.06984)	Be mindful that bad  [[advise]]  from a friend or relative could harm you.
advise => advice	(0.39220)	As a noobie to gold stocks, what  [[advise]]  would you give on: (1) Should I increase gold stocks to more than 5% of my portfolio?
advise => advice	(0.10305)	Chris Zumani, no one asked you for yowa opinion or  [[advise]] .
advise => advice	(0.00021)	Broker Regina Capital Development Corp. gave a trade the range  [[advise]]  on the stock of SM Investments Corp. (SMIC) after its shares rose over the past trading sessions, and are now consolidating at higher levels.
effect => affect	(0.18514)	A diplomat at Qatar’s EU mission told Doha News at the time that the decision “will negatively  [[effect]]  regional and global security cooperation, as well as ongoing discussions around global energy poverty and security.”
affect => effect	(0.15360)	A citizenry that knows its rights and appreciates its power to  [[affect]]  change through mobilisation and organisation stands a better chance of holding those in power accountable.
bitch => pitch	(0.00195)	Or when he later struck out power hitter Bobby Dalbec, beat his own chest and repeated the sentiment, adding “ [[bitch]] ” for emphasis.
brakes => breaks	(0.00066)	These companies want the freedom to innovate without too many  [[brakes]]  and to market their products.
brakes => breaks	(0.40091)	After Pickett briefly  [[brakes]]  away from the family, he walks through the forest, seeing animals that have perished from Jason’s use of poisons as a means of noise control, all casualties of a brewing war between nature and humanity.
Capitol => capital	(0.00106)	Across the  [[Capitol]] , issues are transferring even slower.
Capitol => Capital	(0.00083)	Among the findings: The  [[Capitol]]  Forum and ProPublica identified 12 insurance company doctors with either a history of multiple malpractice payments, a single payment in excess of $1 million or a disciplinary action by a state medical board.
crab => crap	(0.00005)	Plus, there is also a mini  [[crab]]  cart that comes out, so depending on your reservation time, you may need to strategize this into your buffet experience as well.
extend => extent	(0.87171)	Acapulco’s nearly one million residents were cut off and unable to communicate with the outside world, leaving the  [[extend]]  of the storm’s damage, including the number of those dead or missing, unknown.
from => form	(0.01593)	Lulworth Rangers said parts of cliffs that had fallen away  [[from]]  part of the World Heritage Site, with debris on the beach from a recent fall.
Led => Lead	(0.00006)	Developers will be required to engage with an Architect  [[Led]]  Design Team and a Construction Contractor with the necessary skills and experience to design, deliver, and certify high quality social housing in order to make a valid submission.
lead => led	(0.00752)	A composite of star photos, made with the software Starry Sky Stacker, in Joshua Tree during a dark-sky photography workshop,  [[lead]]  by Desert Institute.
live => life	(0.00249)	Ahmed, who gave the advice in Ilorin on Friday in an interview with the News Agency of Nigeria (NAN), said youths must be careful and not waste their  [[live]]  defending any politician during the polls.
Live => life	(0.00017)	Above is a screengrab from our Facebook  [[Live]]  of the scene.
ore => or	(0.00000)	Do the right thing now, even if it takes  [[ore]]  time and energy, and you will be vindicated, praised and rewarded down the line, others will notice your goodwill and integrity.
ore => or	(0.65000)	Based at least on the reactions, I have realized that some may be misreading my story and valuation,  [[ore]]  reacting just to a picture in a tweet.
passed => past	(0.13431)	“2024 will no doubt bring forth new challenges, much like years  [[passed]] .
Piece => Peace	(0.00045)	Ais Clafferty, 41, popped the question to her girlfriend Kat Jennings, 35, as the band were on stage at The  [[Piece]]  Hall.
Piece => Peace	(0.00045)	Chief Executive,  [[Piece]]  Hall Trust.
principle => principal	(0.01590)	Alone at the front of the stage, his clear need to wring every little drop of fun out of what is, in terms of time on stage, one of the smaller  [[principle]]  roles, means his efforts will not soon be forgotten.
Province => Provence	(0.00003)	Looking at the game itself, Van As bemoaned the tactical play from his side, as the visitors tried to run the ball from deep in their own half, instead of putting  [[Province]] ’s outside backs under pressure with kicks on a slippery pitch.
Quiet => Quite	(0.00102)	Ferguson just wrote a column on Bloomberg titled “All is Not  [[Quiet]]  on the Eastern Front” – basically to peddle the risk of WWIII, on behalf of his masters, blaming of course “China as the arsenal of autocracy”.
rise => raise	(0.28469)	Adjusted EBITDA is expected to  [[rise]]  15% to $379 million, also down slightly from the prior expectation.
rise => raise	(0.00340)	A bottle of £8 Barefoot Pinot Grigio wine, meanwhile, could  [[rise]]  44p.
Safe => Save	(0.00002)	A So- [[Safe]]  Corps officer, Saheed Ogunrinde, alongside two others have been killed by suspected kidnappers.
spit => split	(0.00004)	In May 2016, he  [[spit]]  and attacked a security counselor, broke a table tennis table and threw a chair at a television.
there => they	(0.06018)	A review by two doctors in 2016 could find no double-blind clinical trials to measure whether taurine affects the energy of healthy human patients (though  [[there]]  are suggesting that taurine can improve cognitive performance in old age).
Their => They	(0.00001)	Abu Dhabi Chamber Honors its Strategic Partners in Appreciation of  [[Their]] .
they => there	(0.89568)	“Quite frankly I’m not aware of one on this scale any where in the country and  [[they]] ’re are few in the world that can match the size of this project,” he said at Thursday`s groundbreaking.
theme => them	(0.00016)	Alex did the same with his Blue Team and his Southern  [[theme]] .
trail => trial	(0.00110)	According to Out On An Island - who are behind the  [[trail]]  - the historical figure was included due to his close relationship with fellow poet Arthur Henry Hallam, but there is no definitive evidence the writer was homosexual.
Trail => trial	(0.00015)	“As an organization, we try to think outside the box on different events that we can bring to  [[Trail]] , especially during our off-season,” said Smoke Eaters corporate sales and events manager Allison McCarthy.
Three => Tree	(0.00347)	Above / Following the Honor Guard and the Star-Spangled Banner, the Main Stage at the base of Rotary Hill featured The Cadillac  [[Three]]  on July 1, 2023.
Too => to	(0.00164)	Casa Leo has you covered with its Leo’s Loo  [[Too]]  Self-Cleaning Litter Box.
two => to	(0.10689)	A federal judge in Washington is threatening to report  [[two]]  attorneys for possible disciplinary action for delaying the trial of a man waiting in jail on charges that he assaulted police officers during the Capitol riot.
Two => to	(0.00980)	Action from the Welsh  [[Two]]  Day Enduro.
Too => to	(0.23514)	At one point, Trump the former vice-president, “You’re too honest,” a phrase that the Pence campaign has since capitalized on by selling “ [[Too]]  Honest”
Too => Two	(0.07003)	Erin also swears by using an eyelid primer and she loves her  [[Too]]  Faced option.
too => to	(0.00107)	"All ponies turned up except one (who gave it her best shot  [[too]]  thank you!) which just goes to show what dedicated stalwarts we have within our breed - thank you all, you are amazing!
Weather => whether	(0.00000)	As Dionne Warwick became the first celebrity to be unmasked as  [[Weather]] , fans are convinced that they know who's beneath Dippy Egg's costume.
weed => wheat	(0.00001)	However, he said other by-products of the  [[weed]]  such as hemp clothing and cannabidiol were also a part of their campaign push leading up to the election.
weed => wheat	(0.00014)	Green Thumb Industries): Green Thumb Industries is among the best-run  [[weed]]  companies.
witch => which	(0.00063)	After all, he has spent years attacking President Biden and every other outspoken Democrat for politically and maliciously attacking him (he claimed “ [[witch]]  hunts”).
Hole => whole	(0.00015)	Balch previously described a “Toad in a  [[Hole]] ” dish as tiny Yorkshire puddings with roasted beef in them, served with dollops of mashed potatoes and gravy — “Sunday roast as an appetizer,” he said.
width => with	(0.00002)	On the other hand, Beth was good on anything having  [[width]]  from spinners.
width => with	(0.00016)	Along with Japan, and England in their third game against China, Andries Jonker’s side have been able to find advantages through their wing-backs, creating  [[width]]  with a system that gives every player another simple option to pass to.
Word => World	(0.00379)	Ann Friedman, founder and CEO of Planet  [[Word]] , said that the dyslexia exhibit demonstrates the museum’s advocacy for inclusive literacy education.
word => world	(0.00227)	Again, never mind that “illegal”  [[word]] .
Word => World	(0.00259)	Crim tells  [[Word]]  In Black.
Word => World	(0.01584)	Activists with Hip Hop Caucus talked with  [[Word]]  In Black about how music and culture can create climate justice.
