county => country	(0.02920)	"As the  [[county]] 's Destination Management Organisation, we trust in the planning process to ensure a decision that balances all these important factors."
county => country	(0.27609)	Henrico must continue to invest in the most up-to-date resources and infrastructure in its schools, and make sure to do so in both the east and west sides of the  [[county]] , Rogish said.
county => country	(0.06049)	An Officer of the OBE is awarded for distinguished regional or  [[county]] -wide role in any field, through achievement or service to the community.
form => from	(0.05602)	Crowds were entertained by the Broke FMX Motocross Stunt Team, as well as a crowd pleasing display  [[form]]  the Pony club Games.
life => live	(0.19890)	In 2014 they moved to Mauriceville TX. where they built a beautiful home and  [[life]]  together.
they => there	(0.84000)	But  [[they]]  are two distinct and separate occurrences.
They => There	(0.81296)	 [[They]]  were suspected bodies of soldiers killed in a then recent attack on the Melete barracks.
their => there	(0.01243)	Many open from 8 or 9am but you can refer to  [[their]]  to confirm if your local restaurant is open during the Christmas period and what times they are trading.
theme => them	(0.00184)	Now we get to the timeliness — and Novey’s knack for being on  [[theme]]  without ever being too on the nose.
two => to	(0.97309)	She also helped lead the girls basketball and softball teams  [[two]]  section championships.
whole => hole	(0.00026)	That's the  [[whole]]  in the end: A single guess provides you with information that you then need to use to narrow down the list of subsequent guesses.
your => you	(0.08553)	Next thing  [[your]]  going to post is that chopping the foreskin of babies isn't a symbol of virtuous enlightenment.
you => your	(0.03206)	Probably not a real good look for  [[you]]  trade demand that you’re posting a pic excited with OBJ being a Raven.
